"LPRRSGAAGA","2145"
"GILGFVFTL","1598"
"GLCTLVAML","1071"
"NLVPMVATV","809"
"SSYRRPVGI","653"
"SSLENFRAYV","543"
"ASNENMETM","427"
"RFYKTLRAEQASQ","425"
"VTEHDTLLY","280"
"HGIRNASFI","279"
"EAAGIGILTV","276"
"LLWNGPMAV","251"
"LSLRNPILV","203"
"SSPPMFRV","163"
"RAKFKQLL","144"
"KAFSPEVIPMF","143"
"TPRVTGGGAM","119"
"KRWIILGLNK","99"
"ELAGIGILTV","89"
"FPRPWLHGL","88"
"TVYGFCLL","87"
"RPRGEVRFL","57"
"ATDALMTGY","57"
"YSEHPTFTSQY","54"
"HPKVSSEVHI","54"
"TPGPGVRYPL","49"
"TPQDLNTML","45"
"YMLDLQPET/KLPQLCTEL","45"
"LPPIVAKEI","44"
"SYIPSAEKI","38"
"YVLDHLIVV","38"
"EIYKRWII","36"
"IIKDYGKQM","36"
"HSKKKCDEL","34"
"RYPLTFGWCF","30"
"VITAFTEGLK","29"
"CTELKLSDY","26"
"RDAMDRIF","25"
"QYDPVAALF","25"
"QIKVRVKMV","24"
"ACASQKRPSQR","21"
"GPEGAQGPRGEPGTP","20"
"IVTDFSVIK","20"
"VLFGLGFAI","20"
"IPSINVHHY","19"
"HSLGKWLGHPDKF","16"
"YLAMPFATPMEAELARRSLA","16"
"NFIRMVISNPAAT","15"
"IKAVYNFATCG","14"
"FWIDLFETIG","14"
"MEVGWYRPPFSRVVHLYRNGK","12"
"AVFDRKSDAK","11"
"RGYVYQGL","11"
"ENPVVHFFKNIVTPR","11"
"HPVGEADYFEY","11"
"KVPRNQDWL","10"
"FLKEKGGL","10"
"KRWIIMGLNK","10"
"ISPRTLNAW","10"
"EPLPQGQLTAY","10"
"AMQMLKETI","10"
"PQPELPYPQPE","10"
"FLRGRAYGL","9"
"KRGIVEQSSTSISSL","8"
"QIKVRVDMV","8"
"RYPLTFGW","8"
"TQGYFPDWQNY","7"
"P03485","7"
"VITAFNGELK","6"
"RAFSPEVIPMF","6"
"ELRRKMMYM","6"
"LVGPTPVNI","6"
"ALTPVVVTL","6"
"IASNENMETMESSTLE","5"
"GLNKIVRMY","5"
"DEPLTSLTPRCNTAWNRLKL","4"
"QASQEVKNW","4"
"CINGVCWTV","4"
"ADTLQSIGATTVASN","4"
"AARAVFLAL","3"
"TAAQAAVVRFQEAAN","3"
"VELGGGPGA","3"
"SAYGEPRKL","2"
"VLGGGVALLRVIPALDSLTPANED","2"
"EENLLDFVRF","2"
"RPPIFIRRL","2"
"VLEETSVML","2"
"KCNTATCATQRLANFLVRSS","2"
"SRLGLWVRME","2"
"SSGVENPGGYCLTKW","1"
"YLEPGPVTA","1"
"NAGFNSNRANSSRSS","1"
"TPAAPAPA","1"
"LLGRNSFEV","1"
"KRGIVEQCCTSISSL","1"
"FLYALALLL","1"
"QVELGGGPGAG","1"
"QVELGGGPG","1"
"AGSLQPLALE","1"
"AGSLQPLAL","1"
"SLQPLALEGS","1"
